discriminator,generator
[0.7086780667304993],[0.636545717716217]
